continent,year,sales_qty,net_sales_value,returns_per_qty
Europe,2021,864233.0,3211651.832512826,284.27512834716816
North America,2021,2218218.0,1781554.4739356257,190.12575110637042
Pacific,2021,1249024.0,4270567.723297974,375.7414166806625
Europe,2022,1353420.0,3218911.384038744,215.69839258201995
North America,2022,3496046.0,3293496.7461563214,175.66937432215647
Pacific,2022,1944835.0,34930.875128783926,253.81411157518102
