year,total_qty,gross_revenue,gross_cost,gross_profit,returns_qty,returns_value,net_qty,net_profit,prev_qty,prev_profit,qty_yoy_pct,profit_yoy_pct,gross_margin_pct
2021,36230.0,9324203.791703518,5357119.6647001915,3967084.1270008697,770.0,276348.92669999856,35460.0,3690735.2003008714,,,,,42.55
2022,45314.0,9185449.44730302,5296420.4725000635,3889028.9748007753,972.0,277297.16689999925,44342.0,3611731.807900776,36230.0,3690735.2003008714,25.07,-2.14,42.34
