categoryname,year,total_qty,revenue,cost,profti,avg_margin_ratio,qty_delta,profit_delta,decline_rank
Accessories,2021,25316.0,399342.1177999558,148405.99479999533,250936.1229999605,2.688121857583656,,,6
Accessories,2022,32493.0,507330.98919990804,188507.05119998782,318823.9379999202,2.6882815874325683,7177.0,67887.81499995972,3
Bikes,2021,5610.0,8768706.984900154,5121685.969399919,3647021.0155002354,1.705686726355269,,,4
Bikes,2022,5689.0,8468854.530000186,4991309.606699849,3477544.923300337,1.692143784436502,79.0,-169476.09219989832,1
Clothing,2021,5304.0,156154.68899999923,87027.70050000028,69126.98849999894,1.8962632295764288,,,5
Clothing,2022,7132.0,209263.9280999943,116603.8146000018,92660.11349999248,1.8884574271693313,1828.0,23533.12499999354,2
