feature,mi_score
E19_clipped,0.12477811447947662
V13_clipped,0.11082052284634436
V7_clipped,0.11014814454823263
S8_clipped,0.10627994816375175
V9_clipped,0.10437530023433439
M1_clipped,0.09952755612623765
P5_clipped,0.07878004128216443
date_id,0.073591698322784
E10_clipped,0.06037347967798201
E3_clipped,0.05949825832431532
P10_clipped,0.05575799721931318
M13_clipped,0.053956190843328145
P8_clipped,0.05090725260142559
