feature,mi_score
E19_clipped,0.12813115530642083
V7_clipped,0.12627161850515467
V13_clipped,0.10732777324546561
M1_clipped,0.09492927978036914
S8_clipped,0.09445878644619565
V9_clipped,0.09380734069972352
P5_clipped,0.08449375217733834
date_id,0.07361912300695028
E1_clipped,0.059267547308262
M11_clipped,0.056308684104590334
M12_clipped,0.053923345463151584
E10_clipped,0.05323782831127488
M17_clipped,0.05267355822660136
E3_clipped,0.05240312497695587
M13_clipped,0.05073241761351177
